<?xml version="1.0" encoding="UTF-8"?>
<Library xmlns:xsi="http://www.w3.org/2001/XMLSchema-instance"
	xsi:noNamespaceSchemaLocation="TW-G03.xsd">
	<List>
		<Vehicle>BMW X1 1.5d SDrive Auto (5p)</Vehicle>
		<Price>32 750 €</Price>
		<Description>Veículo de 5 portas da marca BMW, este SUV de 2019 é um Série X de versão 1.5d sDrive Auto com capacidade para 5 pessoas, com caixa automática. Conta com um motor a diesel com potência de 116 cavalos e tem 14 107 quilómetros.</Description>
		<Negotiable>Sim</Negotiable>
		<Image>images/bmw/bmw1.png</Image>
        <Retailer>https://www.standvirtual.com/anuncio/bmw-x1-1-5d-sdrive-auto-5p-ID8OXR7N.html</Retailer>
	</List>
	<List>
        <Vehicle>Renault Talisman 1.5 DCi Zen P.Business</Vehicle>
		<Price>16 690 €</Price>
		<Description>Veículo de 4 portas da marca Renault, este sedan de 2018 é um Talisman de versão 1.5 dCi Zen P.Business com capacidade para 5 pessoas, com caixa manual de 6 velocidades. Conta com um motor a diesel com potência de 110 cavalos e tem 123 167 quilómetros.</Description>
		<Negotiable>Não</Negotiable>
		<Image>images/renault/renault1.jpg</Image>
        <Retailer>https://www.standvirtual.com/anuncio/renault-talisman-1-5-dci-zen-p-business-ID8OYfVp.html</Retailer>
	</List>
	<List>
        <Vehicle>Ford Fiesta 1.0 EcoBoost ST-Line</Vehicle>
		<Price>1 850 €</Price>
		<Description>Veículo de 3 portas da marca Ford, este citadino de 2018 é um Fiesta de versão 1.0 EcoBoost ST-Line com capacidade para 5 pessoas, com caixa manual de 6 velocidades. Conta com um motor a gasolina com potência de 140 cavalos e tem 49 490 quilómetros.</Description>
		<Negotiable>Sim</Negotiable>
		<Image>images/ford/ford1.jpg</Image>
        <Retailer>https://www.standvirtual.com/anuncio/ford-fiesta-1-0-ecoboost-st-line-ID8OaqZX.html#gallery-open</Retailer>
	</List>
	<List>
        <Vehicle>Keeway Superlight 125cc</Vehicle>
		<Price>1 750 €</Price>
		<Description>Veículo da categoria motos 125, esta mota de 2016 é uma Superlight de versão 125cc. Conta com um motor a gasolina com potência de 125 cilindradas e tem 4 800 quilómetros.</Description>
		<Negotiable>Sim</Negotiable>
		<Image>images/keeway/keeway1.jpg</Image>
        <Retailer>https://www.standvirtual.com/anuncio/keeway-superlight-125cc-ID8OVMSj.html#4cae3ce399</Retailer>
	</List>
	<List>
        <Vehicle>Malaguti F Monte Pro 125</Vehicle>
		<Price>3 299 €</Price>
		<Description>Veículo da categoria naked, esta mota de 2020 é uma Malaguti F de versão Monte Pro 125. Conta com um motor a gasolina com potência de 125 cilindradas e tem 1 quilómetro.</Description>
		<Negotiable>Não</Negotiable>
		<Image>images/malaguti/malaguti1.jpg</Image>
        <Retailer>https://www.standvirtual.com/anuncio/malaguti-f-monte-pro-125-ID8OSBXy.html</Retailer>
	</List>
</Library>